timestamp,text
2025-01-01 09:15:00,"Bitcoin looks strong today, nice bounce from support!"
2025-01-01 10:30:00,"Market still scary, I think another dump is coming soon..."
2025-01-01 12:05:00,"BTC breaking above 50k again, this is very bullish üöÄ"
2025-01-01 14:20:00,"So much FUD on the timeline, people panic selling everywhere"
2025-01-01 16:45:00,"Solid accumulation zone in my opinion, I'm buying more"
2025-01-02 09:10:00,"Terrible price action, I'm tired of this sideways chop"
2025-01-02 11:30:00,"Big green candle! finally some positive movement"
2025-01-02 13:00:00,"Not convinced yet, volume looks weak to me"
2025-01-02 15:40:00,"This dip is a gift, thank you whales üôè"
2025-01-03 08:50:00,"Huge dump overnight, portfolio down bad"
2025-01-03 10:15:00,"I still believe long term, fundamentals are stronger than ever"
2025-01-03 12:30:00,"Everyone on CT is super bearish, maybe time to be greedy"
2025-01-03 14:55:00,"Volatility is crazy today, be careful with leverage"
2025-01-04 09:05:00,"Nice recovery, market feels more optimistic now"
2025-01-04 11:20:00,"I'm taking some profit here, move looks overextended"
